inn,ogrn,year,region,region_taxcode,okved,okved_section,creation_date,dissolution_date,age,eligible,filed,imputed,outlier,revenue,net_profit,assets,equity,longterm_liab,shortterm_liab,payables,cash
1326253200,1191326001680,2023,moscow city,7700,47.11,G,2019-03-07,,4.0,1.0,1.0,0.0,0.0,5831.0,35.0,142811.0,21031.0,,121780.0,54052.0,36.0
1326253200,1191326001680,2024,moscow city,7700,47.11,G,2019-03-07,,5.0,1.0,1.0,0.0,0.0,0.0,-8809.0,120759.0,12222.0,,108537.0,12293.0,100.0
2330033470,1062330008685,2022,moscow city,7700,10.72,C,2006-09-28,,16.0,1.0,0.0,1.0,0.0,1250.0,-11507.0,51589.0,-9840.0,,61429.0,,
2330033470,1062330008685,2023,moscow city,7700,10.72,C,2006-09-28,,17.0,1.0,1.0,0.0,0.0,1220.0,-5002.0,45334.0,-4992.0,,50326.0,0.0,0.0
2330033470,1062330008685,2024,moscow city,7700,10.72,C,2006-09-28,,18.0,1.0,1.0,0.0,0.0,1300.0,-2525.0,31090.0,-3230.0,,34320.0,,368.0
5001124939,1195081013610,2022,moscow reg.,5000,46.74,G,2019-03-06,,3.0,1.0,1.0,0.0,0.0,15359.0,106.0,3782.0,113.0,,3669.0,3369.0,16.0
5001124939,1195081013610,2023,moscow reg.,5000,46.74,G,2019-03-06,,4.0,1.0,1.0,0.0,0.0,15438.0,227.0,10597.0,241.0,,10355.0,10355.0,68.0
5001124939,1195081013610,2024,moscow reg.,5000,46.74,G,2019-03-06,,5.0,1.0,1.0,0.0,0.0,7539.0,139.0,11087.0,304.0,,10783.0,10653.0,7.0
5010060470,1225000120124,2022,moscow reg.,5000,62.01,J,2022-10-24,,0.0,0.0,0.0,1.0,0.0,,0.0,0.0,,,,,
5010060470,1225000120124,2023,moscow reg.,5000,62.01,J,2022-10-24,,1.0,1.0,1.0,0.0,0.0,,-511.0,229.0,205.0,,24.0,24.0,183.0
5010060470,1225000120124,2024,moscow reg.,5000,62.01,J,2022-10-24,,2.0,1.0,1.0,0.0,0.0,,-178.0,58.0,27.0,,31.0,31.0,12.0
5018124768,1085018000979,2022,moscow reg.,5000,25.62,C,2008-02-04,,14.0,1.0,1.0,0.0,0.0,30412.0,20537.0,21707.0,21548.0,,159.0,159.0,6102.0
5018124768,1085018000979,2023,moscow reg.,5000,25.62,C,2008-02-04,,15.0,1.0,1.0,0.0,0.0,10282.0,2784.0,19568.0,18096.0,,1472.0,1472.0,3945.0
5018124768,1085018000979,2024,moscow reg.,5000,25.62,C,2008-02-04,,16.0,1.0,1.0,0.0,0.0,5373.0,1270.0,6596.0,6542.0,,54.0,54.0,1391.0
5019022991,1105019001174,2022,moscow reg.,5000,46.90,G,2010-11-03,,12.0,1.0,1.0,0.0,0.0,257485.0,2400.0,231393.0,6450.0,34804.0,190139.0,187688.0,19841.0
5019022991,1105019001174,2023,moscow reg.,5000,46.90,G,2010-11-03,,13.0,1.0,1.0,0.0,0.0,209863.0,1409.0,243022.0,7859.0,46954.0,188209.0,185758.0,2957.0
5019022991,1105019001174,2024,moscow reg.,5000,46.90,G,2010-11-03,,14.0,1.0,1.0,0.0,0.0,245176.0,3797.0,312101.0,11656.0,102625.0,197820.0,195369.0,3727.0
5020087440,1205000052498,2022,moscow reg.,5000,43.29,F,2020-07-03,,2.0,1.0,1.0,0.0,0.0,0.0,0.0,46.0,46.0,,0.0,0.0,0.0
5020087440,1205000052498,2023,moscow reg.,5000,43.29,F,2020-07-03,,3.0,1.0,0.0,0.0,0.0,,,,,,,,
5020087440,1205000052498,2024,moscow reg.,5000,43.29,F,2020-07-03,,4.0,1.0,0.0,0.0,0.0,,,,,,,,
5027217916,1145027017970,2022,moscow reg.,5000,10.13,C,2014-10-10,,8.0,1.0,1.0,0.0,0.0,130250.0,604.0,44492.0,44276.0,,216.0,216.0,5491.0
5027217916,1145027017970,2023,moscow reg.,5000,10.13,C,2014-10-10,,9.0,1.0,1.0,0.0,0.0,153774.0,1122.0,46024.0,42089.0,,3935.0,3935.0,3828.0
5027217916,1145027017970,2024,moscow reg.,5000,10.13,C,2014-10-10,,10.0,1.0,1.0,0.0,0.0,161473.0,2659.0,45263.0,38771.0,,6492.0,6492.0,2291.0
5027227858,1155027004736,2022,moscow reg.,5000,73.11,M,2015-05-15,,7.0,1.0,1.0,0.0,0.0,1307.0,802.0,797.0,796.0,,1.0,1.0,30.0
5027227858,1155027004736,2023,moscow reg.,5000,73.11,M,2015-05-15,,8.0,1.0,1.0,0.0,0.0,2776.0,438.0,1281.0,1235.0,,46.0,46.0,74.0
5027227858,1155027004736,2024,moscow reg.,5000,73.11,M,2015-05-15,,9.0,1.0,1.0,0.0,0.0,22.0,-32.0,1251.0,1201.0,,50.0,50.0,302.0
5030060253,1075030005159,2022,moscow city,7700,41.20,F,2007-11-29,,15.0,1.0,1.0,0.0,0.0,,-215.0,113561.0,113531.0,,30.0,7.0,18.0
5030060253,1075030005159,2023,moscow city,7700,41.20,F,2007-11-29,,16.0,1.0,1.0,0.0,0.0,,-204.0,113763.0,113727.0,,36.0,13.0,181.0
5030060253,1075030005159,2024,moscow city,7700,41.20,F,2007-11-29,,17.0,1.0,1.0,0.0,0.0,,-76.0,114100.0,114051.0,,49.0,17.0,296.0
5038175190,1235000032871,2023,moscow reg.,5000,73.11,M,2023-03-20,2024-09-04,0.0,1.0,0.0,0.0,0.0,,,,,,,,
5038175190,1235000032871,2024,moscow reg.,5000,73.11,M,2023-03-20,2024-09-04,1.0,1.0,0.0,0.0,0.0,,,,,,,,
5040135250,1155040004900,2022,moscow city,7700,41.20,F,2015-07-24,,7.0,1.0,1.0,0.0,0.0,0.0,0.0,13940.0,444.0,,13496.0,8504.0,64.0
5040135250,1155040004900,2023,moscow city,7700,41.20,F,2015-07-24,,8.0,1.0,1.0,0.0,0.0,0.0,0.0,6652.0,444.0,,6208.0,1121.0,3.0
5040135250,1155040004900,2024,moscow city,7700,41.20,F,2015-07-24,,9.0,1.0,1.0,0.0,0.0,2878.0,163.0,16761.0,606.0,12986.0,3170.0,3169.0,4.0
5040164597,1195027023850,2022,moscow reg.,5000,46.62,G,2019-11-06,,3.0,1.0,1.0,0.0,0.0,9548.0,754.0,32911.0,5232.0,,27679.0,13689.0,7418.0
5040164597,1195027023850,2023,moscow reg.,5000,46.62,G,2019-11-06,,4.0,1.0,1.0,0.0,0.0,16233.0,1768.0,53680.0,7000.0,,46680.0,35490.0,223.0
5040164597,1195027023850,2024,moscow reg.,5000,46.62,G,2019-11-06,,5.0,1.0,1.0,0.0,0.0,87572.0,8666.0,36989.0,15666.0,,21324.0,11344.0,3883.0
5043075320,1225000028527,2022,moscow reg.,5000,16.29.15,C,2022-03-28,,0.0,1.0,0.0,1.0,0.0,729.0,5.0,15.0,15.0,,,,5.0
5043075320,1225000028527,2023,moscow reg.,5000,16.29.15,C,2022-03-28,,1.0,1.0,1.0,0.0,0.0,908.0,0.0,10.0,10.0,,,,7.0
5043075320,1225000028527,2024,moscow reg.,5000,16.29.15,C,2022-03-28,,2.0,1.0,1.0,0.0,0.0,0.0,0.0,10.0,10.0,,,,0.0
5044124186,1225000007165,2022,moscow reg.,5000,46.73,G,2022-01-31,,0.0,1.0,1.0,0.0,0.0,5623.0,85.0,761.0,190.0,,571.0,449.0,304.0
5044124186,1225000007165,2023,moscow reg.,5000,46.73,G,2022-01-31,,1.0,1.0,0.0,0.0,0.0,,,,,,,,
5044124186,1225000007165,2024,moscow reg.,5000,46.73,G,2022-01-31,,2.0,1.0,0.0,0.0,0.0,,,,,,,,
5044141103,1235000138515,2023,moscow reg.,5000,46.75,G,2023-11-02,,0.0,0.0,0.0,1.0,0.0,,0.0,0.0,,,,,
5044141103,1235000138515,2024,moscow reg.,5000,46.75,G,2023-11-02,,1.0,1.0,1.0,0.0,0.0,9306.0,250.0,9947.0,252.0,6342.0,3353.0,3353.0,
5050119770,1155050004361,2022,moscow reg.,5000,27.12,C,2015-07-28,,7.0,1.0,1.0,0.0,0.0,8246.0,44.0,3262.0,1129.0,,2132.0,2130.0,1203.0
5050119770,1155050004361,2023,moscow reg.,5000,27.12,C,2015-07-28,,8.0,1.0,1.0,0.0,0.0,12868.0,839.0,3172.0,1368.0,,1804.0,1804.0,216.0
5050119770,1155050004361,2024,moscow reg.,5000,27.12,C,2015-07-28,,9.0,1.0,1.0,0.0,0.0,10716.0,461.0,3372.0,1829.0,,1543.0,1543.0,93.0
5050125607,1165050052738,2022,moscow reg.,5000,43.39,F,2016-06-01,,6.0,1.0,1.0,0.0,0.0,,,0.0,0.0,,,,0.0
5050125607,1165050052738,2023,moscow reg.,5000,43.39,F,2016-06-01,,7.0,1.0,1.0,0.0,0.0,,,10.0,10.0,,,,10.0
5050125607,1165050052738,2024,moscow reg.,5000,43.39,F,2016-06-01,,8.0,1.0,0.0,0.0,0.0,,,,,,,,
5075017709,1045011650089,2022,moscow reg.,5000,25.93,C,2004-01-12,,18.0,1.0,1.0,0.0,0.0,1947.0,-7348.0,23186.0,-2558.0,22037.0,3707.0,3514.0,3970.0
5075017709,1045011650089,2023,moscow reg.,5000,25.93,C,2004-01-12,,19.0,1.0,1.0,0.0,0.0,524.0,3747.0,34404.0,1189.0,25470.0,7745.0,7457.0,16646.0
5075017709,1045011650089,2024,moscow reg.,5000,25.93,C,2004-01-12,,20.0,1.0,1.0,0.0,0.0,135.0,3652.0,22650.0,4841.0,948.0,16861.0,2171.0,17884.0
5505220039,1145543007147,2022,sankt-petersburg,7800,46.19,G,2014-02-18,,8.0,1.0,1.0,0.0,0.0,97089.0,1991.0,14511.0,2287.0,0.0,12224.0,12224.0,4931.0
5505220039,1145543007147,2023,sankt-petersburg,7800,46.19,G,2014-02-18,,9.0,1.0,1.0,0.0,0.0,133218.0,3342.0,28415.0,5629.0,,22786.0,22786.0,14704.0
5505220039,1145543007147,2024,sankt-petersburg,7800,46.19,G,2014-02-18,,10.0,1.0,1.0,0.0,0.0,76327.0,1229.0,18590.0,5838.0,,12752.0,12752.0,8331.0
7701414933,5147746369150,2022,moscow city,7700,69.10,M,2014-11-18,,8.0,1.0,1.0,0.0,0.0,2063.0,485.0,9828.0,709.0,4439.0,4680.0,4502.0,601.0
7701414933,5147746369150,2023,moscow city,7700,69.10,M,2014-11-18,,9.0,1.0,1.0,0.0,0.0,2314.0,742.0,6452.0,52.0,281.0,6119.0,6119.0,298.0
7701414933,5147746369150,2024,moscow city,7700,69.10,M,2014-11-18,,10.0,1.0,1.0,0.0,0.0,2049.0,-159.0,6344.0,-181.0,0.0,6525.0,6525.0,220.0
7701726555,5077746878920,2022,moscow city,7700,41.20,F,2007-06-05,,15.0,1.0,1.0,0.0,0.0,,10964.0,52318.0,51950.0,,368.0,336.0,36613.0
7701726555,5077746878920,2023,moscow city,7700,41.20,F,2007-06-05,,16.0,1.0,1.0,0.0,0.0,,20977.0,74282.0,72927.0,,1355.0,1299.0,47067.0
7701726555,5077746878920,2024,moscow city,7700,41.20,F,2007-06-05,,17.0,1.0,1.0,0.0,0.0,,-19665.0,53884.0,53262.0,,622.0,576.0,43788.0
7702751522,1117746032920,2022,moscow city,7700,46.39,G,2011-01-24,,11.0,1.0,1.0,0.0,0.0,5669.0,19.0,3694.0,29.0,0.0,3665.0,2212.0,905.0
7702751522,1117746032920,2023,moscow city,7700,47.91,G,2011-01-24,,12.0,1.0,1.0,0.0,0.0,1267.0,3.0,2511.0,13.0,0.0,2498.0,2498.0,41.0
7702751522,1117746032920,2024,moscow city,7700,47.91,G,2011-01-24,,13.0,1.0,1.0,0.0,0.0,0.0,0.0,2508.0,10.0,0.0,2498.0,2498.0,0.0
7704187397,1027739394209,2022,moscow city,7700,72.19,M,1998-06-17,,24.0,1.0,1.0,0.0,0.0,25513.0,185.0,9102.0,1228.0,,7874.0,7874.0,7306.0
7704187397,1027739394209,2023,moscow city,7700,72.19,M,1998-06-17,,25.0,1.0,1.0,0.0,0.0,3759.0,-653.0,3465.0,-24.0,,3489.0,3489.0,768.0
7704187397,1027739394209,2024,moscow city,7700,72.19,M,1998-06-17,,26.0,1.0,1.0,0.0,0.0,409.0,-1625.0,1345.0,-1649.0,,2994.0,2994.0,0.0
7704209629,1037739299190,2022,moscow city,7700,72.19,M,2003-01-29,,19.0,1.0,1.0,0.0,0.0,26737.0,-4994.0,18160.0,,1000.0,4495.0,4345.0,69.0
7704209629,1037739299190,2023,moscow city,7700,72.19,M,2003-01-29,,20.0,1.0,1.0,0.0,0.0,35400.0,3723.0,18029.0,,1000.0,2193.0,2043.0,346.0
7704209629,1037739299190,2024,moscow city,7700,72.19,M,2003-01-29,,21.0,1.0,1.0,0.0,0.0,36500.0,469.0,16943.0,,1000.0,2774.0,2774.0,73.0
7704516926,1047796236267,2022,moscow city,7700,18.12,C,2004-04-09,,18.0,1.0,1.0,0.0,0.0,41663.0,10767.0,59644.0,22523.0,-150.0,37271.0,37271.0,8789.0
7704516926,1047796236267,2023,moscow city,7700,18.12,C,2004-04-09,,19.0,1.0,1.0,0.0,0.0,72737.0,12019.0,54595.0,22539.0,100.0,31956.0,27113.0,7840.0
7704516926,1047796236267,2024,moscow city,7700,18.12,C,2004-04-09,,20.0,1.0,1.0,0.0,0.0,72737.0,12019.0,54595.0,22539.0,100.0,31956.0,27113.0,7840.0
7705100222,1027700157000,2022,moscow city,7700,46.49,G,1996-03-14,,26.0,1.0,1.0,0.0,0.0,4084.0,18.0,828.0,134.0,0.0,694.0,694.0,23.0
7705100222,1027700157000,2023,moscow city,7700,46.49,G,1996-03-14,,27.0,1.0,1.0,0.0,0.0,4923.0,14.0,1238.0,147.0,0.0,1091.0,1091.0,24.0
7705100222,1027700157000,2024,moscow city,7700,46.49,G,1996-03-14,,28.0,1.0,1.0,0.0,0.0,4475.0,16.0,880.0,169.0,0.0,711.0,711.0,12.0
7706659743,5077746859031,2022,moscow city,7700,46.72,G,2007-06-01,,15.0,1.0,1.0,0.0,0.0,3815.0,222.0,1736.0,873.0,,863.0,13.0,228.0
7706659743,5077746859031,2023,moscow city,7700,46.72,G,2007-06-01,,16.0,1.0,1.0,0.0,0.0,808.0,22.0,1345.0,895.0,,450.0,0.0,188.0
7706659743,5077746859031,2024,moscow city,7700,46.72,G,2007-06-01,,17.0,1.0,1.0,0.0,0.0,1313.0,31.0,250.0,190.0,,60.0,8.0,115.0
7709693372,5067746032360,2022,moscow city,7700,14.12,C,2006-08-09,,16.0,1.0,1.0,0.0,0.0,1851.0,3.0,4203.0,152.0,-3.0,4053.0,4053.0,31.0
7709693372,5067746032360,2023,moscow city,7700,14.12,C,2006-08-09,,17.0,1.0,1.0,0.0,0.0,10.0,0.0,2323.0,216.0,0.0,2107.0,2107.0,0.0
7709693372,5067746032360,2024,moscow city,7700,14.12,C,2006-08-09,,18.0,1.0,1.0,0.0,0.0,0.0,0.0,2130.0,10.0,0.0,2120.0,2120.0,0.0
7709956279,1147746680124,2022,moscow city,7700,41.20,F,2014-06-16,,8.0,1.0,1.0,0.0,0.0,,-2071.0,16301.0,-76595.0,,92896.0,92896.0,3894.0
7709956279,1147746680124,2023,moscow city,7700,41.20,F,2014-06-16,,9.0,1.0,1.0,0.0,0.0,,-38539.0,15137.0,-115134.0,,130271.0,130271.0,2736.0
7709956279,1147746680124,2024,moscow city,7700,41.20,F,2014-06-16,,10.0,1.0,1.0,0.0,0.0,,-448.0,12398.0,-114686.0,,127084.0,127084.0,422.0
7713474310,1207700063647,2022,moscow city,7700,73.11,M,2020-02-14,,2.0,1.0,1.0,0.0,0.0,8052.0,1995.0,2698.0,523.0,970.0,1205.0,1205.0,106.0
7713474310,1207700063647,2023,moscow city,7700,73.11,M,2020-02-14,,3.0,1.0,1.0,0.0,0.0,638.0,-188.0,1751.0,336.0,970.0,445.0,445.0,83.0
7713474310,1207700063647,2024,moscow city,7700,73.11,M,2020-02-14,,4.0,1.0,1.0,0.0,0.0,0.0,-3.0,1747.0,332.0,970.0,445.0,445.0,80.0
7717288988,1157746448089,2022,moscow city,7700,46.69,G,2015-05-18,,7.0,1.0,1.0,0.0,0.0,391864.0,16675.0,166596.0,53766.0,7062.0,105768.0,84949.0,51140.0
7717288988,1157746448089,2023,moscow city,7700,46.69,G,2015-05-18,,8.0,1.0,1.0,0.0,0.0,406065.0,18340.0,125711.0,72106.0,7436.0,46169.0,32202.0,16216.0
7717288988,1157746448089,2024,moscow city,7700,46.69,G,2015-05-18,,9.0,1.0,1.0,0.0,0.0,320180.0,11966.0,137924.0,84070.0,255.0,53598.0,42404.0,1869.0
7718084899,1027739082030,2022,moscow city,7700,41.20,F,1994-05-23,,28.0,1.0,1.0,0.0,0.0,182562.0,-410187.0,669592.0,-3019824.0,1028.0,3688388.0,3687745.0,680.0
7718084899,1027739082030,2023,moscow city,7700,41.20,F,1994-05-23,,29.0,1.0,1.0,0.0,0.0,12373.0,-1485720.0,100653.0,-4505545.0,2500111.0,2106086.0,2105935.0,968.0
7718084899,1027739082030,2024,moscow city,7700,41.20,F,1994-05-23,,30.0,1.0,1.0,0.0,0.0,8371.0,-8635.0,96028.0,-4514179.0,2500130.0,2110077.0,2110036.0,746.0
7718618678,1067761323080,2022,moscow city,7700,47.11,G,2006-12-20,,16.0,1.0,1.0,0.0,0.0,2139.0,175.0,5719.0,1979.0,355.0,3385.0,3385.0,3228.0
7718618678,1067761323080,2023,moscow city,7700,47.11,G,2006-12-20,,17.0,1.0,1.0,0.0,0.0,2640.0,187.0,4803.0,1706.0,355.0,2742.0,2742.0,137.0
7718618678,1067761323080,2024,moscow city,7700,47.11,G,2006-12-20,,18.0,1.0,1.0,0.0,0.0,1055.0,107.0,3431.0,470.0,355.0,2606.0,2606.0,4.0
7720894611,1237700257673,2023,moscow city,7700,43.29,F,2023-04-04,2024-09-11,0.0,1.0,0.0,0.0,0.0,,,,,,,,
7720894611,1237700257673,2024,moscow city,7700,43.29,F,2023-04-04,2024-09-11,1.0,1.0,0.0,0.0,0.0,,,,,,,,
7722479233,1197746560285,2022,moscow city,7700,41.20,F,2019-09-16,,3.0,1.0,1.0,0.0,0.0,1320.0,42.0,714.0,-138.0,,851.0,851.0,31.0
7722479233,1197746560285,2023,moscow city,7700,41.20,F,2019-09-16,,4.0,1.0,1.0,0.0,0.0,609.0,54.0,938.0,-84.0,,1022.0,1022.0,0.0
7722479233,1197746560285,2024,moscow city,7700,41.20,F,2019-09-16,,5.0,1.0,1.0,0.0,0.0,208.0,-243.0,653.0,-327.0,,980.0,980.0,1.0
7723462539,1167746717258,2022,moscow city,7700,46.73,G,2016-08-01,,6.0,1.0,1.0,0.0,0.0,19951.0,160.0,5583.0,170.0,0.0,5413.0,5413.0,0.0
7723462539,1167746717258,2023,moscow city,7700,46.73,G,2016-08-01,,7.0,1.0,1.0,0.0,0.0,25518.0,78.0,1657.0,248.0,0.0,1409.0,1409.0,70.0
7723462539,1167746717258,2024,moscow city,7700,46.73,G,2016-08-01,,8.0,1.0,1.0,0.0,0.0,1685.0,80.0,892.0,328.0,,564.0,564.0,61.0
7723764177,1107746544344,2022,moscow city,7700,74.90.30,M,2010-07-08,,12.0,1.0,1.0,0.0,0.0,274.0,-177.0,106.0,-265.0,,371.0,371.0,106.0
7723764177,1107746544344,2023,moscow city,7700,74.90.30,M,2010-07-08,,13.0,1.0,1.0,0.0,0.0,491.0,0.0,191.0,-265.0,,456.0,456.0,159.0
7723764177,1107746544344,2024,moscow city,7700,74.90.30,M,2010-07-08,,14.0,1.0,0.0,0.0,0.0,,,,,,,,
7724333455,1157746842880,2022,moscow city,7700,41.20,F,2015-09-14,,7.0,1.0,1.0,0.0,0.0,26532.0,81.0,81605.0,3877.0,0.0,77728.0,77728.0,11903.0
7724333455,1157746842880,2023,moscow city,7700,41.20,F,2015-09-14,,8.0,1.0,1.0,0.0,0.0,27260.0,113.0,93586.0,3926.0,,89660.0,89660.0,2117.0
7724333455,1157746842880,2024,moscow city,7700,41.20,F,2015-09-14,,9.0,1.0,1.0,0.0,0.0,56036.0,525.0,74062.0,4538.0,,69524.0,69524.0,5664.0
7724439211,1187746438978,2022,moscow city,7700,47.11,G,2018-04-25,,4.0,1.0,1.0,0.0,0.0,51786.0,161.0,4529.0,-3159.0,,7688.0,6868.0,368.0
7724439211,1187746438978,2023,moscow city,7700,47.11,G,2018-04-25,,5.0,1.0,1.0,0.0,0.0,46496.0,-175.0,4908.0,-3334.0,,8243.0,7423.0,681.0
7724439211,1187746438978,2024,moscow city,7700,47.11,G,2018-04-25,,6.0,1.0,1.0,0.0,0.0,51553.0,-3045.0,5141.0,-6381.0,,11522.0,10702.0,689.0
7725293692,1157746984460,2022,moscow city,7700,46.73,G,2015-10-27,,7.0,1.0,1.0,0.0,0.0,63727.0,797.0,5018.0,897.0,0.0,4121.0,3108.0,4479.0
7725293692,1157746984460,2023,moscow city,7700,46.73,G,2015-10-27,,8.0,1.0,1.0,0.0,0.0,74971.0,1489.0,7563.0,2386.0,0.0,5177.0,3977.0,3849.0
7725293692,1157746984460,2024,moscow city,7700,46.73,G,2015-10-27,,9.0,1.0,1.0,0.0,0.0,54644.0,12.0,5443.0,1827.0,,3616.0,2278.0,837.0
7725380874,1177746618390,2023,moscow city,7700,46.69.90,G,2017-06-22,,6.0,1.0,1.0,0.0,0.0,5216.0,808.0,1604.0,898.0,0.0,705.0,705.0,363.0
7725380874,1177746618390,2024,moscow city,7700,46.69.90,G,2017-06-22,,7.0,1.0,1.0,0.0,0.0,573.0,-1670.0,511.0,-108.0,,619.0,619.0,89.0
7725628846,1087746201641,2022,moscow reg.,5000,46.10,G,2008-02-11,,14.0,1.0,1.0,0.0,0.0,44363.0,-12234.0,27336.0,-2934.0,11501.0,18769.0,2806.0,1107.0
7725628846,1087746201641,2023,moscow reg.,5000,46.10,G,2008-02-11,,15.0,1.0,1.0,0.0,0.0,53218.0,-63538.0,694829.0,-66473.0,725714.0,35588.0,4230.0,1179.0
7725628846,1087746201641,2024,moscow reg.,5000,46.10,G,2008-02-11,,16.0,1.0,1.0,0.0,0.0,57835.0,120796.0,891126.0,54309.0,829700.0,7117.0,5717.0,456.0
7726480769,1217700376926,2022,moscow city,7700,46.31,G,2021-08-12,,1.0,1.0,1.0,0.0,0.0,89727.0,178.0,31038.0,276.0,,30762.0,30762.0,10.0
7726480769,1217700376926,2023,moscow city,7700,46.31,G,2021-08-12,,2.0,1.0,1.0,0.0,0.0,89463.0,337.0,47285.0,613.0,,46672.0,46672.0,32.0
7726480769,1217700376926,2024,moscow city,7700,46.31,G,2021-08-12,,3.0,1.0,1.0,0.0,0.0,0.0,0.0,50.0,50.0,,0.0,0.0,50.0
7727481363,1217700641355,2022,moscow city,7700,62.01,J,2021-12-27,,1.0,1.0,1.0,0.0,0.0,1838.0,-12.0,0.0,-3.0,,3.0,3.0,
7727481363,1217700641355,2023,moscow city,7700,62.01,J,2021-12-27,,2.0,1.0,1.0,0.0,0.0,2831.0,-7.0,2.0,-10.0,,12.0,12.0,
7727481363,1217700641355,2024,moscow city,7700,62.01,J,2021-12-27,,3.0,1.0,1.0,0.0,0.0,2943.0,-18.0,0.0,-28.0,,28.0,28.0,
7727769680,5117746067126,2022,moscow city,7700,43.22,F,2011-12-28,,11.0,1.0,1.0,0.0,0.0,1080.0,30.0,1018.0,934.0,,84.0,84.0,112.0
7727769680,5117746067126,2023,moscow city,7700,43.22,F,2011-12-28,,12.0,1.0,1.0,0.0,0.0,621.0,-286.0,772.0,648.0,,125.0,125.0,8.0
7727769680,5117746067126,2024,moscow city,7700,43.22,F,2011-12-28,,13.0,1.0,1.0,0.0,0.0,395.0,-343.0,839.0,305.0,,534.0,534.0,81.0
7728479180,1197746418638,2022,moscow city,7700,45.31,G,2019-07-01,,3.0,1.0,1.0,0.0,0.0,16063.0,2114.0,6532.0,6511.0,,21.0,21.0,586.0
7728479180,1197746418638,2023,moscow city,7700,45.31,G,2019-07-01,,4.0,1.0,1.0,0.0,0.0,11137.0,1934.0,11087.0,8631.0,1659.0,797.0,797.0,259.0
7728479180,1197746418638,2024,moscow city,7700,45.31,G,2019-07-01,,5.0,1.0,1.0,0.0,0.0,14549.0,698.0,11262.0,8226.0,50.0,2986.0,2986.0,191.0
7728667829,1087746980859,2022,moscow city,7700,70.10.10,M,2008-08-14,,14.0,1.0,1.0,0.0,0.0,,-213.0,4958.0,1240.0,3519.0,199.0,199.0,538.0
7728667829,1087746980859,2023,moscow city,7700,70.10.10,M,2008-08-14,,15.0,1.0,1.0,0.0,0.0,8.0,-212.0,4746.0,1028.0,3519.0,199.0,199.0,371.0
7728667829,1087746980859,2024,moscow city,7700,70.10.10,M,2008-08-14,,16.0,1.0,1.0,0.0,0.0,0.0,-4276.0,277.0,272.0,0.0,5.0,5.0,234.0
7730309531,1237700547105,2023,moscow city,7700,43.39,F,2023-08-16,,0.0,1.0,1.0,0.0,0.0,470569.0,8.0,577028.0,58.0,,576970.0,563675.0,23.0
7730309531,1237700547105,2024,moscow city,7700,43.39,F,2023-08-16,,1.0,1.0,0.0,0.0,0.0,,,,,,,,
7731259900,1037700223461,2022,moscow city,7700,69.10,M,2002-06-28,,20.0,1.0,1.0,0.0,0.0,,,163.0,163.0,,0.0,0.0,163.0
7731259900,1037700223461,2023,moscow city,7700,69.10,M,2002-06-28,,21.0,1.0,1.0,0.0,0.0,,,447.0,423.0,,24.0,24.0,148.0
7731259900,1037700223461,2024,moscow city,7700,69.10,M,2002-06-28,,22.0,1.0,1.0,0.0,0.0,,,258.0,233.0,,25.0,25.0,258.0
7733020804,1027739264398,2022,moscow city,7700,47.19,G,1992-05-29,2024-11-25,30.0,1.0,1.0,0.0,0.0,6599.0,4110.0,4806.0,4410.0,,396.0,396.0,758.0
7733020804,1027739264398,2023,moscow city,7700,47.19,G,1992-05-29,2024-11-25,31.0,1.0,1.0,0.0,0.0,7230.0,3430.0,3550.0,3430.0,,120.0,120.0,1613.0
7733020804,1027739264398,2024,moscow city,7700,47.19,G,1992-05-29,2024-11-25,32.0,1.0,0.0,0.0,0.0,,,,,,,,
7733367041,1217700138700,2022,moscow reg.,5000,45.11,G,2021-03-26,,1.0,1.0,1.0,0.0,0.0,14852.0,-84.0,47792.0,4002.0,10048.0,33742.0,33590.0,4074.0
7733367041,1217700138700,2023,moscow reg.,5000,45.11,G,2021-03-26,,2.0,1.0,1.0,0.0,0.0,20232.0,-23166.0,39242.0,-19164.0,12785.0,45621.0,45108.0,8239.0
7733367041,1217700138700,2024,moscow reg.,5000,45.11,G,2021-03-26,,3.0,1.0,1.0,0.0,0.0,9079.0,-11012.0,37849.0,-30176.0,5084.0,62941.0,62116.0,7852.0
7733386608,1227700371579,2022,moscow city,7700,46.74,G,2022-06-24,2024-09-04,0.0,1.0,1.0,0.0,0.0,8478.0,45.0,2088.0,115.0,,1973.0,1973.0,33.0
7733386608,1227700371579,2023,moscow city,7700,46.74,G,2022-06-24,2024-09-04,1.0,1.0,0.0,0.0,0.0,,,,,,,,
7733386608,1227700371579,2024,moscow city,7700,46.74,G,2022-06-24,2024-09-04,2.0,1.0,0.0,0.0,0.0,,,,,,,,
7733906310,1147748010618,2022,moscow city,7700,46.69,G,2014-12-11,,8.0,1.0,1.0,0.0,0.0,4894.0,41.0,1368.0,96.0,,1272.0,1272.0,431.0
7733906310,1147748010618,2023,moscow city,7700,46.69,G,2014-12-11,,9.0,1.0,1.0,0.0,0.0,6399.0,46.0,2380.0,142.0,,2238.0,2238.0,784.0
7733906310,1147748010618,2024,moscow city,7700,46.69,G,2014-12-11,,10.0,1.0,1.0,0.0,0.0,2668.0,14.0,387.0,156.0,,231.0,231.0,33.0
7734436724,1207700313072,2022,moscow city,7700,46.43.10,G,2020-08-27,,2.0,1.0,1.0,0.0,0.0,52517.0,140.0,3556.0,475.0,,3081.0,3081.0,24.0
7734436724,1207700313072,2023,moscow city,7700,46.43.10,G,2020-08-27,,3.0,1.0,1.0,0.0,0.0,240509.0,1883.0,24308.0,2358.0,2121.0,19828.0,19828.0,143.0
7734436724,1207700313072,2024,moscow city,7700,46.43.10,G,2020-08-27,,4.0,1.0,1.0,0.0,0.0,265293.0,230.0,42115.0,2588.0,7632.0,31895.0,31895.0,139.0
7734469141,1237700007445,2023,moscow city,7700,43.21,F,2023-01-10,,0.0,1.0,1.0,0.0,0.0,,0.0,10.0,10.0,,,,10.0
7734469141,1237700007445,2024,moscow city,7700,43.21,F,2023-01-10,,1.0,1.0,1.0,0.0,0.0,309159.0,271.0,82335.0,281.0,,82054.0,82054.0,41.0
7735534837,1077761966391,2022,moscow city,7700,46.32,G,2007-11-01,,15.0,1.0,1.0,0.0,0.0,,,3186.0,-69511.0,0.0,72697.0,72697.0,2.0
7735534837,1077761966391,2023,moscow city,7700,46.32,G,2007-11-01,,16.0,1.0,0.0,0.0,0.0,,,,,,,,
7735534837,1077761966391,2024,moscow city,7700,46.32,G,2007-11-01,,17.0,1.0,0.0,0.0,0.0,,,,,,,,
7736325160,1197746655567,2022,moscow city,7700,46.73.60,G,2019-11-11,,3.0,1.0,1.0,0.0,0.0,1367.0,1.0,1257.0,738.0,,518.0,518.0,907.0
7736325160,1197746655567,2023,moscow city,7700,46.73.60,G,2019-11-11,,4.0,1.0,0.0,0.0,0.0,,,,,,,,
7736325160,1197746655567,2024,moscow city,7700,46.73.60,G,2019-11-11,,5.0,1.0,0.0,0.0,0.0,,,,,,,,
7736667646,5137746098265,2022,moscow city,7700,43.22,F,2013-11-20,,9.0,1.0,1.0,0.0,0.0,3803.0,17.0,330.0,310.0,0.0,20.0,20.0,153.0
7736667646,5137746098265,2023,moscow city,7700,43.22,F,2013-11-20,,10.0,1.0,1.0,0.0,0.0,2888.0,145.0,282.0,155.0,0.0,127.0,127.0,54.0
7736667646,5137746098265,2024,moscow city,7700,43.22,F,2013-11-20,,11.0,1.0,1.0,0.0,0.0,2593.0,54.0,247.0,209.0,0.0,38.0,38.0,7.0
7743405271,1237700002847,2023,moscow city,7700,62.01,J,2023-01-10,,0.0,1.0,1.0,0.0,0.0,5900.0,354.0,3033.0,364.0,,2669.0,2669.0,1033.0
7743405271,1237700002847,2024,moscow city,7700,62.01,J,2023-01-10,,1.0,1.0,1.0,0.0,0.0,67792.0,2845.0,77670.0,3209.0,50000.0,24461.0,24461.0,1058.0
7751162142,1197746302819,2022,moscow city,7700,46.17,G,2019-05-06,,3.0,1.0,1.0,0.0,0.0,2022.0,57.0,1663.0,127.0,,1536.0,190.0,8.0
7751162142,1197746302819,2023,moscow city,7700,46.17,G,2019-05-06,,4.0,1.0,1.0,0.0,0.0,4822.0,137.0,4207.0,208.0,627.0,3372.0,2568.0,2.0
7751162142,1197746302819,2024,moscow city,7700,46.17,G,2019-05-06,,5.0,1.0,1.0,0.0,0.0,3339.0,-49.0,3767.0,21.0,392.0,3354.0,297.0,7.0
7751212594,1217700639210,2022,moscow city,7700,46.51,G,2021-12-27,,1.0,1.0,1.0,0.0,0.0,,-114.0,10180.0,-103.0,8256.0,2027.0,2027.0,2.0
7751212594,1217700639210,2023,moscow city,7700,46.51,G,2021-12-27,,2.0,1.0,1.0,0.0,0.0,21335.0,518.0,7486.0,-2908.0,3750.0,6644.0,6644.0,8.0
7751212594,1217700639210,2024,moscow city,7700,46.51,G,2021-12-27,,3.0,1.0,1.0,0.0,0.0,60395.0,7113.0,15694.0,7185.0,3700.0,4810.0,4810.0,67.0
7751218162,1227700153438,2022,moscow city,7700,46.31,G,2022-03-21,,0.0,1.0,1.0,0.0,0.0,13617.0,873.0,314.0,182.0,,133.0,73.0,87.0
7751218162,1227700153438,2023,moscow city,7700,46.31,G,2022-03-21,,1.0,1.0,1.0,0.0,0.0,259308.0,5747.0,60981.0,1180.0,33829.0,25971.0,25955.0,1286.0
7751218162,1227700153438,2024,moscow city,7700,46.31,G,2022-03-21,,2.0,1.0,1.0,0.0,0.0,295088.0,-9441.0,19162.0,-20260.0,37983.0,1440.0,1440.0,3.0
7801415024,5067847220634,2022,sankt-petersburg,7800,46.24,G,2006-08-11,,16.0,1.0,1.0,0.0,0.0,6345.0,1375.0,7759.0,7312.0,,447.0,447.0,928.0
7801415024,5067847220634,2023,sankt-petersburg,7800,46.24,G,2006-08-11,,17.0,1.0,1.0,0.0,0.0,9150.0,1510.0,9689.0,9058.0,,631.0,631.0,2024.0
7801415024,5067847220634,2024,sankt-petersburg,7800,46.24,G,2006-08-11,,18.0,1.0,1.0,0.0,0.0,9147.0,2207.0,11601.0,11240.0,,361.0,361.0,825.0
7802580207,1167847233421,2022,sankt-petersburg,7800,72.19,M,2016-05-25,,6.0,1.0,1.0,0.0,0.0,28827.0,25389.0,12423.0,12022.0,,401.0,401.0,6132.0
7802580207,1167847233421,2023,sankt-petersburg,7800,72.19,M,2016-05-25,,7.0,1.0,1.0,0.0,0.0,36368.0,32979.0,19218.0,18501.0,,717.0,717.0,250.0
7802580207,1167847233421,2024,sankt-petersburg,7800,72.19,M,2016-05-25,,8.0,1.0,1.0,0.0,0.0,45769.0,42449.0,26137.0,24957.0,,1180.0,1180.0,357.0
7805762075,1207800011143,2022,sankt-petersburg,7800,47.78.50,G,2020-01-31,,2.0,1.0,1.0,0.0,0.0,19558.0,4153.0,21037.0,789.0,361.0,19887.0,19863.0,8175.0
7805762075,1207800011143,2023,sankt-petersburg,7800,47.78.50,G,2020-01-31,,3.0,1.0,1.0,0.0,0.0,55193.0,6326.0,28871.0,12296.0,2348.0,14227.0,14203.0,8123.0
7805762075,1207800011143,2024,sankt-petersburg,7800,47.78.50,G,2020-01-31,,4.0,1.0,1.0,0.0,0.0,54818.0,4378.0,29344.0,9513.0,2595.0,17237.0,17213.0,2358.0
7807252506,1217800171269,2022,sankt-petersburg,7800,46.90,G,2021-11-03,,1.0,1.0,1.0,0.0,0.0,3998.0,397.0,701.0,367.0,,334.0,334.0,21.0
7807252506,1217800171269,2023,sankt-petersburg,7800,46.90,G,2021-11-03,,2.0,1.0,1.0,0.0,0.0,0.0,207.0,927.0,574.0,,353.0,353.0,560.0
7807252506,1217800171269,2024,sankt-petersburg,7800,46.90,G,2021-11-03,,3.0,1.0,1.0,0.0,0.0,,-414.0,162.0,-125.0,,287.0,287.0,0.0
7807267478,1237800104740,2023,sankt-petersburg,7800,45.31,G,2023-09-13,,0.0,1.0,1.0,0.0,0.0,4715.0,182.0,1515.0,232.0,50.0,1233.0,1233.0,102.0
7807267478,1237800104740,2024,sankt-petersburg,7800,45.31,G,2023-09-13,,1.0,1.0,1.0,0.0,0.0,33415.0,1330.0,6154.0,1242.0,50.0,4862.0,4862.0,279.0
7810642471,1177847009856,2022,sankt-petersburg,7800,46.90,G,2017-01-18,,5.0,1.0,1.0,0.0,0.0,1577.0,3.0,937.0,151.0,,786.0,36.0,345.0
7810642471,1177847009856,2023,sankt-petersburg,7800,46.90,G,2017-01-18,,6.0,1.0,1.0,0.0,0.0,3080.0,-46.0,329.0,105.0,,224.0,24.0,0.0
7810642471,1177847009856,2024,sankt-petersburg,7800,46.90,G,2017-01-18,,7.0,1.0,1.0,0.0,0.0,1781.0,-4.0,101.0,101.0,,0.0,0.0,43.0
7810823358,1117847132578,2022,sankt-petersburg,7800,62,J,2011-04-12,,11.0,1.0,1.0,0.0,0.0,4806.0,-36.0,9616.0,-155.0,280.0,9491.0,9491.0,339.0
7810823358,1117847132578,2023,sankt-petersburg,7800,62,J,2011-04-12,,12.0,1.0,1.0,0.0,0.0,4108.0,-530.0,9381.0,91.0,280.0,9010.0,9010.0,18.0
7810823358,1117847132578,2024,sankt-petersburg,7800,62,J,2011-04-12,,13.0,1.0,1.0,0.0,0.0,8181.0,1695.0,11395.0,1787.0,280.0,9328.0,9328.0,702.0
7810826905,1117847184069,2022,sankt-petersburg,7800,47.59,G,2011-05-10,2024-10-16,11.0,1.0,0.0,0.0,0.0,,,,,,,,
7810826905,1117847184069,2023,sankt-petersburg,7800,47.59,G,2011-05-10,2024-10-16,12.0,1.0,0.0,0.0,0.0,,,,,,,,
7810826905,1117847184069,2024,sankt-petersburg,7800,47.59,G,2011-05-10,2024-10-16,13.0,1.0,0.0,0.0,0.0,,,,,,,,
7813603946,1147847426781,2022,sankt-petersburg,7800,71.11.10,M,2014-12-05,,8.0,1.0,1.0,0.0,0.0,18151.0,1950.0,24938.0,4980.0,,19958.0,19958.0,1931.0
7813603946,1147847426781,2023,sankt-petersburg,7800,71.11.10,M,2014-12-05,,9.0,1.0,1.0,0.0,0.0,21853.0,5294.0,29026.0,9124.0,,19902.0,19902.0,4900.0
7813603946,1147847426781,2024,sankt-petersburg,7800,71.11.10,M,2014-12-05,,10.0,1.0,1.0,0.0,0.0,11058.0,125.0,30759.0,8100.0,,22659.0,22659.0,3033.0
7816278660,1157847263826,2022,sankt-petersburg,7800,14.12,C,2015-07-31,,7.0,1.0,1.0,0.0,0.0,0.0,-66.0,1099.0,944.0,,156.0,156.0,82.0
7816278660,1157847263826,2023,sankt-petersburg,7800,14.12,C,2015-07-31,,8.0,1.0,1.0,0.0,0.0,18888.0,2870.0,4998.0,3818.0,,1180.0,1180.0,611.0
7816278660,1157847263826,2024,sankt-petersburg,7800,14.12,C,2015-07-31,,9.0,1.0,1.0,0.0,0.0,0.0,-2495.0,2189.0,1322.0,,867.0,867.0,317.0
7816689652,1197847007907,2022,sankt-petersburg,7800,46.31,G,2019-01-18,,3.0,1.0,1.0,0.0,0.0,1041881.0,15135.0,99797.0,23200.0,,76597.0,76597.0,146.0
7816689652,1197847007907,2023,sankt-petersburg,7800,46.31,G,2019-01-18,,4.0,1.0,1.0,0.0,0.0,388768.0,8805.0,124130.0,8825.0,,115305.0,115305.0,597.0
7816689652,1197847007907,2024,sankt-petersburg,7800,46.31,G,2019-01-18,,5.0,1.0,1.0,0.0,0.0,1188.0,98.0,8923.0,8923.0,,0.0,0.0,144.0
7820073496,1207800044627,2022,sankt-petersburg,7800,46.62,G,2020-03-25,,2.0,1.0,1.0,0.0,0.0,1524.0,-431.0,937.0,916.0,,21.0,21.0,14.0
7820073496,1207800044627,2023,sankt-petersburg,7800,46.62,G,2020-03-25,,3.0,1.0,1.0,0.0,0.0,1683.0,-603.0,334.0,313.0,,21.0,21.0,10.0
7820073496,1207800044627,2024,sankt-petersburg,7800,62.01,J,2020-03-25,,4.0,1.0,1.0,0.0,0.0,2936.0,62.0,437.0,376.0,,61.0,61.0,6.0
7839421764,1107847098424,2022,sankt-petersburg,7800,46.73,G,2010-03-31,,12.0,1.0,1.0,0.0,0.0,15855.0,7029.0,17077.0,7039.0,,10038.0,10038.0,10.0
7839421764,1107847098424,2023,sankt-petersburg,7800,41.20,F,2010-03-31,,13.0,1.0,1.0,0.0,0.0,47544.0,8644.0,25000.0,15682.0,,9318.0,9318.0,233.0
7839421764,1107847098424,2024,sankt-petersburg,7800,41.20,F,2010-03-31,,14.0,1.0,1.0,0.0,0.0,114925.0,39094.0,70312.0,54776.0,,15537.0,15537.0,324.0
7839490422,1147847013775,2022,sankt-petersburg,7800,21.20.20,C,2014-01-20,,8.0,1.0,1.0,0.0,0.0,51153.0,3741.0,14460.0,3751.0,,10709.0,191.0,5404.0
7839490422,1147847013775,2023,sankt-petersburg,7800,21.20.20,C,2014-01-20,,9.0,1.0,1.0,0.0,0.0,52789.0,4633.0,8918.0,4643.0,,4275.0,1170.0,2452.0
7839490422,1147847013775,2024,sankt-petersburg,7800,46.90,G,2014-01-20,,10.0,1.0,1.0,0.0,0.0,86730.0,3153.0,9605.0,3163.0,,6442.0,0.0,7625.0
9701256102,1237700525303,2023,moscow city,7700,46.31,G,2023-08-07,,0.0,1.0,1.0,0.0,0.0,,-29.0,1.0,-19.0,,20.0,,1.0
9701256102,1237700525303,2024,moscow city,7700,46.31,G,2023-08-07,,1.0,1.0,1.0,0.0,0.0,,-64.0,0.0,-83.0,,83.0,,0.0
9701259079,1237700606846,2023,moscow city,7700,46.42,G,2023-09-12,,0.0,1.0,1.0,0.0,0.0,4263.0,1426.0,4349.0,1476.0,,2873.0,2813.0,1657.0
9701259079,1237700606846,2024,moscow city,7700,46.42,G,2023-09-12,,1.0,1.0,1.0,0.0,0.0,98082.0,5808.0,8609.0,7284.0,,1325.0,1265.0,84.0
9702014723,1207700077859,2022,moscow city,7700,69.10,M,2020-02-21,,2.0,1.0,0.0,1.0,0.0,,,0.0,,,,,
9702014723,1207700077859,2023,moscow city,7700,69.10,M,2020-02-21,,3.0,1.0,1.0,0.0,0.0,,,0.0,,,,,
9702014723,1207700077859,2024,moscow city,7700,69.10,M,2020-02-21,,4.0,1.0,1.0,0.0,0.0,,-5.0,0.0,,,,,
9703148825,1237700433024,2023,moscow city,7700,62.01,J,2023-06-26,,0.0,1.0,1.0,0.0,0.0,63.0,-1999.0,20614.0,-1989.0,7164.0,15439.0,889.0,3.0
9703148825,1237700433024,2024,moscow city,7700,62.01,J,2023-06-26,,1.0,1.0,1.0,0.0,0.0,4873.0,-2511.0,23732.0,-4501.0,14077.0,14155.0,3.0,11.0
9704086681,1217700414470,2022,moscow city,7700,46.72,G,2021-09-03,,1.0,1.0,1.0,0.0,0.0,211366.0,105.0,11311.0,203.0,,11108.0,11108.0,
9704086681,1217700414470,2023,moscow city,7700,46.72,G,2021-09-03,,2.0,1.0,1.0,0.0,0.0,227140.0,111.0,11665.0,314.0,,11351.0,11351.0,
9704086681,1217700414470,2024,moscow city,7700,46.72,G,2021-09-03,,3.0,1.0,1.0,0.0,0.0,167070.0,84.0,13143.0,398.0,,12745.0,12745.0,
9705150403,1207700464014,2022,moscow city,7700,45.31,G,2020-12-04,,2.0,1.0,1.0,0.0,0.0,30449.0,268.0,57843.0,497.0,2400.0,54946.0,54921.0,339.0
9705150403,1207700464014,2023,moscow city,7700,45.31,G,2020-12-04,,3.0,1.0,1.0,0.0,0.0,37105.0,267.0,23891.0,764.0,2400.0,20727.0,20503.0,62.0
9705150403,1207700464014,2024,moscow city,7700,45.31,G,2020-12-04,,4.0,1.0,1.0,0.0,0.0,14639.0,21.0,21247.0,785.0,1750.0,18712.0,18712.0,30.0
9705171080,1227700304644,2022,moscow city,7700,62.01,J,2022-05-27,,0.0,1.0,1.0,0.0,0.0,40529.0,-2468.0,22666.0,-2368.0,8847.0,16187.0,11982.0,953.0
9705171080,1227700304644,2023,moscow city,7700,62.01,J,2022-05-27,,1.0,1.0,1.0,0.0,0.0,148872.0,41449.0,58564.0,39081.0,5605.0,13878.0,10327.0,3853.0
9705171080,1227700304644,2024,moscow city,7700,62.01,J,2022-05-27,,2.0,1.0,1.0,0.0,0.0,175523.0,36928.0,91323.0,76009.0,1249.0,14065.0,9324.0,5426.0
9709032425,1187746501304,2022,moscow city,7700,46.34.23,G,2018-05-23,2024-07-10,4.0,1.0,1.0,0.0,0.0,543509.0,-1740.0,70488.0,12133.0,,58356.0,58356.0,1019.0
9709032425,1187746501304,2023,moscow city,7700,46.34.23,G,2018-05-23,2024-07-10,5.0,1.0,1.0,0.0,0.0,839160.0,-34842.0,70838.0,-22710.0,,93547.0,93547.0,723.0
9709032425,1187746501304,2024,moscow city,7700,46.34.23,G,2018-05-23,2024-07-10,6.0,1.0,1.0,0.0,0.0,581206.0,-7527.0,64740.0,-30235.0,,94976.0,94976.0,426.0
9709077225,1227700007468,2022,moscow city,7700,47.11.30,G,2022-01-14,,0.0,1.0,0.0,0.0,0.0,,,,,,,,
9709077225,1227700007468,2023,moscow city,7700,47.11.30,G,2022-01-14,,1.0,1.0,0.0,0.0,0.0,,,,,,,,
9709077225,1227700007468,2024,moscow city,7700,47.11.30,G,2022-01-14,,2.0,1.0,0.0,0.0,0.0,,,,,,,,
9709077747,1227700044230,2022,moscow city,7700,59.14,J,2022-02-03,,0.0,1.0,1.0,0.0,0.0,,,1.0,,,,,1.0
9709077747,1227700044230,2023,moscow city,7700,59.14,J,2022-02-03,,1.0,1.0,1.0,0.0,0.0,,,5.0,,,,,5.0
9709077747,1227700044230,2024,moscow city,7700,59.14,J,2022-02-03,,2.0,1.0,1.0,0.0,0.0,,,2.0,,,,,2.0
9717061719,1177746598061,2022,moscow city,7700,46.73.40,G,2017-06-19,,5.0,1.0,1.0,0.0,0.0,17449.0,2771.0,18011.0,-3141.0,57.0,21095.0,5.0,3970.0
9717061719,1177746598061,2023,moscow city,7700,46.73.40,G,2017-06-19,,6.0,1.0,1.0,0.0,0.0,29518.0,5518.0,19221.0,2358.0,56.0,16807.0,133.0,3176.0
9717061719,1177746598061,2024,moscow city,7700,46.73.40,G,2017-06-19,,7.0,1.0,1.0,0.0,0.0,5140.0,-4010.0,17482.0,113.0,80.0,17289.0,249.0,4929.0
9719013365,1217700111947,2022,moscow city,7700,70.22,M,2021-03-15,,1.0,1.0,1.0,0.0,0.0,66274.0,1069.0,11443.0,380.0,,11063.0,11063.0,949.0
9719013365,1217700111947,2023,moscow city,7700,70.22,M,2021-03-15,,2.0,1.0,1.0,0.0,0.0,75293.0,-617.0,30692.0,3713.0,,26979.0,26979.0,7639.0
9719013365,1217700111947,2024,moscow city,7700,70.22,M,2021-03-15,,3.0,1.0,1.0,0.0,0.0,94477.0,1103.0,21213.0,4815.0,,16398.0,16398.0,1514.0
9721139686,1217700381645,2022,moscow city,7700,33.14,C,2021-08-16,,1.0,1.0,1.0,0.0,0.0,1531.0,287.0,1279.0,287.0,950.0,42.0,42.0,126.0
9721139686,1217700381645,2023,moscow city,7700,33.14,C,2021-08-16,,2.0,1.0,1.0,0.0,0.0,3777.0,570.0,4854.0,1083.0,3157.0,614.0,614.0,303.0
9721139686,1217700381645,2024,moscow city,7700,33.14,C,2021-08-16,,3.0,1.0,1.0,0.0,0.0,6360.0,1006.0,6508.0,2421.0,3188.0,899.0,899.0,571.0
9722036965,1227700903803,2022,moscow city,7700,46.34.10,G,2022-12-26,,0.0,0.0,0.0,1.0,0.0,,0.0,0.0,,,,,
9722036965,1227700903803,2023,moscow city,7700,46.34.10,G,2022-12-26,,1.0,1.0,1.0,0.0,0.0,91955.0,972.0,12098.0,984.0,300.0,10814.0,10814.0,98.0
9722036965,1227700903803,2024,moscow city,7700,46.34.10,G,2022-12-26,,2.0,1.0,1.0,0.0,0.0,0.0,0.0,12098.0,984.0,300.0,10814.0,10814.0,117.0
9723114246,1217700163812,2022,moscow city,7700,46.72,G,2021-04-07,,1.0,1.0,1.0,0.0,0.0,47284.0,654.0,13740.0,890.0,,12850.0,12850.0,29.0
9723114246,1217700163812,2023,moscow city,7700,46.72,G,2021-04-07,,2.0,1.0,1.0,0.0,0.0,75001.0,786.0,17732.0,1706.0,,16026.0,16026.0,7503.0
9723114246,1217700163812,2024,moscow city,7700,46.72,G,2021-04-07,,3.0,1.0,1.0,0.0,0.0,34809.0,662.0,10375.0,2368.0,,8007.0,8007.0,2316.0
9723167304,1227700558997,2022,moscow city,7700,62.02,J,2022-09-08,,0.0,1.0,1.0,0.0,0.0,220.0,223.0,240.0,233.0,0.0,7.0,7.0,127.0
9723167304,1227700558997,2023,moscow city,7700,62.02,J,2022-09-08,,1.0,1.0,1.0,0.0,0.0,3620.0,356.0,939.0,589.0,0.0,350.0,320.0,119.0
9723167304,1227700558997,2024,moscow city,7700,62.02,J,2022-09-08,,2.0,1.0,1.0,0.0,0.0,8174.0,1506.0,2408.0,2054.0,0.0,354.0,324.0,95.0
9727031375,1237700260632,2023,moscow city,7700,62.01,J,2023-04-05,,0.0,1.0,0.0,0.0,0.0,,,,,,,,
9727031375,1237700260632,2024,moscow city,7700,62.01,J,2023-04-05,,1.0,1.0,0.0,0.0,0.0,,,,,,,,
9727035034,1237700358312,2023,moscow city,7700,58.14.10,J,2023-05-19,,0.0,1.0,1.0,0.0,0.0,4.0,-7.0,3.0,-7.0,,10.0,10.0,3.0
9727035034,1237700358312,2024,moscow city,7700,58.14.10,J,2023-05-19,,1.0,1.0,1.0,0.0,0.0,0.0,0.0,3.0,-7.0,,10.0,10.0,3.0
9728049569,1217700522600,2022,moscow city,7700,72.19,M,2021-10-29,,1.0,1.0,1.0,0.0,0.0,,-70.0,241.0,-60.0,272.0,28.0,28.0,26.0
9728049569,1217700522600,2023,moscow city,7700,43.21,F,2021-10-29,,2.0,1.0,1.0,0.0,0.0,,-54.0,184.0,-122.0,260.0,46.0,22.0,5.0
9728049569,1217700522600,2024,moscow city,7700,43.21,F,2021-10-29,,3.0,1.0,1.0,0.0,0.0,,-98.0,236.0,-220.0,260.0,196.0,168.0,1.0
9729027399,1167746882951,2022,moscow city,7700,46.72,G,2016-09-20,,6.0,1.0,1.0,0.0,0.0,325830.0,50367.0,351242.0,61393.0,10291.0,279558.0,227074.0,58.0
9729027399,1167746882951,2023,moscow city,7700,46.72,G,2016-09-20,,7.0,1.0,1.0,0.0,0.0,22406.0,40.0,307466.0,61434.0,7312.0,238720.0,180370.0,234.0
9729027399,1167746882951,2024,moscow city,7700,46.72,G,2016-09-20,,8.0,1.0,1.0,0.0,0.0,21000.0,8.0,274692.0,61621.0,34458.0,178613.0,136722.0,0.0
9729334255,1227700771121,2023,moscow city,7700,46.90,G,2022-11-18,2024-09-18,1.0,1.0,0.0,0.0,0.0,,,,,,,,
9729334255,1227700771121,2024,moscow city,7700,46.90,G,2022-11-18,2024-09-18,2.0,1.0,0.0,0.0,0.0,,,,,,,,
9731008280,1187746747770,2022,moscow city,7700,72.19,M,2018-08-13,,4.0,1.0,1.0,0.0,0.0,1200.0,-2958.0,107568.0,-7770.0,0.0,115338.0,99803.0,34.0
9731008280,1187746747770,2023,moscow city,7700,72.19,M,2018-08-13,,5.0,1.0,1.0,0.0,0.0,2402.0,-7921.0,109023.0,-15692.0,9218.0,115497.0,99906.0,6.0
9731008280,1187746747770,2024,moscow city,7700,72.19,M,2018-08-13,,6.0,1.0,1.0,0.0,0.0,221321.0,147930.0,18599.0,17515.0,0.0,1083.0,117.0,12.0
9731059278,1197746755249,2022,moscow city,7700,47.73,G,2019-12-27,,3.0,1.0,1.0,0.0,0.0,3956.0,-1715.0,652.0,-3385.0,3590.0,447.0,447.0,2.0
9731059278,1197746755249,2023,moscow city,7700,47.73,G,2019-12-27,,4.0,1.0,0.0,1.0,0.0,0.0,-708.0,141.0,-4093.0,4121.0,113.0,113.0,126.0
9731059278,1197746755249,2024,moscow city,7700,47.73,G,2019-12-27,,5.0,1.0,1.0,0.0,0.0,0.0,-44.0,133.0,-4137.0,4269.0,1.0,1.0,126.0
